insert into user (username, password, is_delete) values ('vkunkel0', '$2a$10$pZNW3zOtmMXwvWeWmRZYxeSbhRKvZE20dxWKQIX2SGlOTXKCBGfJC', 0);
insert into user (username, password, is_delete) values ('ppulley1', '$2a$10$pZNW3zOtmMXwvWeWmRZYxeSbhRKvZE20dxWKQIX2SGlOTXKCBGfJC', 0);
insert into user (username, password, is_delete) values ('wkleinhausen2', '$2a$10$pZNW3zOtmMXwvWeWmRZYxeSbhRKvZE20dxWKQIX2SGlOTXKCBGfJC', 0);
insert into user (username, password, is_delete) values ('idoick3', '$2a$10$pZNW3zOtmMXwvWeWmRZYxeSbhRKvZE20dxWKQIX2SGlOTXKCBGfJC', 0);
insert into user (username, password, is_delete) values ('rpalin4', '$2a$10$pZNW3zOtmMXwvWeWmRZYxeSbhRKvZE20dxWKQIX2SGlOTXKCBGfJC', 0);
insert into user (username, password, is_delete) values ('lgillebride5', '$2a$10$pZNW3zOtmMXwvWeWmRZYxeSbhRKvZE20dxWKQIX2SGlOTXKCBGfJC', 0);
insert into user (username, password, is_delete) values ('rskylett6', '$2a$10$pZNW3zOtmMXwvWeWmRZYxeSbhRKvZE20dxWKQIX2SGlOTXKCBGfJC', 0);
insert into user (username, password, is_delete) values ('lgrossman7', '$2a$10$pZNW3zOtmMXwvWeWmRZYxeSbhRKvZE20dxWKQIX2SGlOTXKCBGfJC', 0);
insert into user (username, password, is_delete) values ('ralbro8', '$2a$10$pZNW3zOtmMXwvWeWmRZYxeSbhRKvZE20dxWKQIX2SGlOTXKCBGfJC', 0);
insert into user (username, password, is_delete) values ('jtwyford9', '$2a$10$pZNW3zOtmMXwvWeWmRZYxeSbhRKvZE20dxWKQIX2SGlOTXKCBGfJC', 0);
insert into user (username, password, is_delete) values ('groberdsa', '$2a$10$pZNW3zOtmMXwvWeWmRZYxeSbhRKvZE20dxWKQIX2SGlOTXKCBGfJC', 0);
insert into user (username, password, is_delete) values ('zolliffb', '$2a$10$pZNW3zOtmMXwvWeWmRZYxeSbhRKvZE20dxWKQIX2SGlOTXKCBGfJC', 0);
insert into user (username, password, is_delete) values ('ldaykinc', '$2a$10$pZNW3zOtmMXwvWeWmRZYxeSbhRKvZE20dxWKQIX2SGlOTXKCBGfJC', 0);
insert into user (username, password, is_delete) values ('cstanyardd', '$2a$10$pZNW3zOtmMXwvWeWmRZYxeSbhRKvZE20dxWKQIX2SGlOTXKCBGfJC', 0);
insert into user (username, password, is_delete) values ('scoatene', '$2a$10$pZNW3zOtmMXwvWeWmRZYxeSbhRKvZE20dxWKQIX2SGlOTXKCBGfJC', 0);
insert into user (username, password, is_delete) values ('dbretonf', '$2a$10$pZNW3zOtmMXwvWeWmRZYxeSbhRKvZE20dxWKQIX2SGlOTXKCBGfJC', 0);
insert into user (username, password, is_delete) values ('abristog', '$2a$10$pZNW3zOtmMXwvWeWmRZYxeSbhRKvZE20dxWKQIX2SGlOTXKCBGfJC', 0);
insert into user (username, password, is_delete) values ('kmacallisterh', '$2a$10$pZNW3zOtmMXwvWeWmRZYxeSbhRKvZE20dxWKQIX2SGlOTXKCBGfJC', 0);
insert into user (username, password, is_delete) values ('wforthi', '$2a$10$pZNW3zOtmMXwvWeWmRZYxeSbhRKvZE20dxWKQIX2SGlOTXKCBGfJC', 0);
insert into user (username, password, is_delete) values ('jpitcaithlyj', '$2a$10$pZNW3zOtmMXwvWeWmRZYxeSbhRKvZE20dxWKQIX2SGlOTXKCBGfJC', 0);
insert into user (username, password, is_delete) values ('ljoustk', '$2a$10$pZNW3zOtmMXwvWeWmRZYxeSbhRKvZE20dxWKQIX2SGlOTXKCBGfJC', 0);
insert into user (username, password, is_delete) values ('rdavsonl', '$2a$10$pZNW3zOtmMXwvWeWmRZYxeSbhRKvZE20dxWKQIX2SGlOTXKCBGfJC', 0);
insert into user (username, password, is_delete) values ('admin', '$2a$10$pZNW3zOtmMXwvWeWmRZYxeSbhRKvZE20dxWKQIX2SGlOTXKCBGfJC', 0);
insert into user (username, password, is_delete) values ('customer', '$2a$10$pZNW3zOtmMXwvWeWmRZYxeSbhRKvZE20dxWKQIX2SGlOTXKCBGfJC', 0);
insert into user (username, password, is_delete) values ('thradskyq', '$2a$10$pZNW3zOtmMXwvWeWmRZYxeSbhRKvZE20dxWKQIX2SGlOTXKCBGfJC', 0);
insert into user (username, password, is_delete) values ('dcherrettr', '$2a$10$pZNW3zOtmMXwvWeWmRZYxeSbhRKvZE20dxWKQIX2SGlOTXKCBGfJC', 0);
insert into user (username, password, is_delete) values ('pbisleys', '$2a$10$pZNW3zOtmMXwvWeWmRZYxeSbhRKvZE20dxWKQIX2SGlOTXKCBGfJC', 0);
insert into user (username, password, is_delete) values ('elockett', '$2a$10$pZNW3zOtmMXwvWeWmRZYxeSbhRKvZE20dxWKQIX2SGlOTXKCBGfJC', 0);
insert into user (username, password, is_delete) values ('addmin', '$2a$10$pZNW3zOtmMXwvWeWmRZYxeSbhRKvZE20dxWKQIX2SGlOTXKCBGfJC', 0);
insert into user (username, password, is_delete) values ('mclarson0', '$2a$10$pZNW3zOtmMXwvWeWmRZYxeSbhRKvZE20dxWKQIX2SGlOTXKCBGfJC', 0);
insert into user (username, password, is_delete) values ('chancell1', '$2a$10$pZNW3zOtmMXwvWeWmRZYxeSbhRKvZE20dxWKQIX2SGlOTXKCBGfJC', 0);

-- add Roles
INSERT INTO `role` (`id`, `is_delete`, `name`) VALUES ('1', 0, 'ROLE_ADMIN');
INSERT INTO `role` (`id`, `is_delete`, `name`) VALUES ('2', 0, 'ROLE_CUSTOMER');

-- add user_role
INSERT INTO `sprint_2_v1`.`user_role` (`username`, `role_id`,is_delete) VALUES ('admin', '1',0);
INSERT INTO `sprint_2_v1`.`user_role` (`username`, `role_id`,is_delete) VALUES ('admin', '2',0);
INSERT INTO `sprint_2_v1`.`user_role` (`username`, `role_id`,is_delete) VALUES ('customer', '2',0);


-- add customerType
insert into customer_type(id, name, is_delete) values(1, 'VIP', 0);
insert into customer_type(id, name, is_delete) values(2, 'Gold', 0);
insert into customer_type(id, name, is_delete) values(3, 'Silver', 0);
insert into customer_type(id, name, is_delete) values(4, 'Member', 0);

-- add customer
insert into customer (id, name, gender, email, address, phone_number, username, id_card, day_of_birth, customer_type_id, is_delete) values (1, 'Barnie Boscher', 2, 'bboscher0@vistaprint.com', '5', '0909850091', 'abristog', '578856430', '1981-05-22', 1, 0);
insert into customer (id, name, gender, email, address, phone_number, username, id_card, day_of_birth, customer_type_id, is_delete) values (2, 'Smith Pattisson', 0, 'spattisson1@unesco.org', '2', '0909389535', 'admin', '008204972', '1999-02-01', 2, 0);
insert into customer (id, name, gender, email, address, phone_number, username, id_card, day_of_birth, customer_type_id, is_delete) values (3, 'Ruthanne Puckham', 1, 'rpuckham2@samsung.com', '37935', '0904179229', 'cstanyardd', '623454746', '1985-04-16', 3, 0);
insert into customer (id, name, gender, email, address, phone_number, username, id_card, day_of_birth, customer_type_id, is_delete) values (4, 'Dael Philippsohn', 2, 'dphilippsohn3@wiley.com', '00617', '0902545816', 'dbretonf', '085658315', '2001-05-23', 4, 0);
insert into customer (id, name, gender, email, address, phone_number, username, id_card, day_of_birth, customer_type_id, is_delete) values (5, 'Tasia Heyball', 0, 'theyball4@army.mil', '5', '0904269448', 'groberdsa', '187876649', '1984-08-01', 1, 0);
insert into customer (id, name, gender, email, address, phone_number, username, id_card, day_of_birth, customer_type_id, is_delete) values (6, 'Dalila Blindt', 0, 'dblindt5@yellowbook.com', '99', '0906017553', 'idoick3', '589646621', '1999-01-13', 4, 0);
insert into customer (id, name, gender, email, address, phone_number, username, id_card, day_of_birth, customer_type_id, is_delete) values (7, 'Kain Staves', 2, 'kstaves6@loc.gov', '5', '0905355065', 'jpitcaithlyj', '881520441', '1994-02-12', 4,0);
insert into customer (id, name, gender, email, address, phone_number, username, id_card, day_of_birth, customer_type_id, is_delete) values (8, 'Dasya Giraudeau', 2, 'dgiraudeau7@gizmodo.com', '74582', '0908127322', 'jtwyford9', '548151007', '1993-09-19', 1, 0);
insert into customer (id, name, gender, email, address, phone_number, username, id_card, day_of_birth, customer_type_id, is_delete) values (9, 'Alwin Guage', 1, 'aguage8@google.es', '874', '0907684254', 'kmacallisterh', '459178610', '1993-08-31', 2, 0);
insert into customer (id, name, gender, email, address, phone_number, username, id_card, day_of_birth, customer_type_id, is_delete) values (10, 'Peterus McNamee', 2, 'pmcnamee9@economist.com', '742', '0904645577', 'ldaykinc', '319644164', '1981-11-06', 2, 0);
insert into customer (id, name, gender, email, address, phone_number, username, id_card, day_of_birth, customer_type_id, is_delete) values (11, 'Olimpia Culbard', 1, 'oculbarda@biblegateway.com', '54', '0903958820', 'lgillebride5', '217742362', '2004-09-21', 3, 0);
insert into customer (id, name, gender, email, address, phone_number, username, id_card, day_of_birth, customer_type_id, is_delete) values (12, 'Gael Boram', 1, 'gboramb@narod.ru', '87', '0900131745', 'lgrossman7', '153899725', '1988-09-21', 2, 0);
insert into customer (id, name, gender, email, address, phone_number, username, id_card, day_of_birth, customer_type_id, is_delete) values (13, 'Xylia Tabrett', 1, 'xtabrettc@skyrock.com', '34828', '0907705840', 'ljoustk', '876640657', '2000-02-24', 3, 0);
insert into customer (id, name, gender, email, address, phone_number, username, id_card, day_of_birth, customer_type_id, is_delete) values (14, 'Tabby Frapwell', 1, 'tfrapwelld@4shared.com', '76', '0900801599', 'ppulley1', '086760931', '1988-10-15', 2, 0);
insert into customer (id, name, gender, email, address, phone_number, username, id_card, day_of_birth, customer_type_id, is_delete) values (15, 'Vance Wharmby', 2, 'vwharmbye@squarespace.com', '460', '0900874836', 'ralbro8', '051920109', '1998-10-10', 1, 0);
insert into customer (id, name, gender, email, address, phone_number, username, id_card, day_of_birth, customer_type_id, is_delete) values (16, 'Clo Maryon', 2, 'cmaryonf@craigslist.org', '64', '0905128238', 'rdavsonl', '926846990', '1987-02-07', 1, 0);
insert into customer (id, name, gender, email, address, phone_number, username, id_card, day_of_birth, customer_type_id, is_delete) values (17, 'Iolanthe Trammel', 1, 'itrammelg@unblog.fr', '27574', '0909177227', 'rpalin4', '049697259', '1983-09-26', 1, 0);
insert into customer (id, name, gender, email, address, phone_number, username, id_card, day_of_birth, customer_type_id, is_delete) values (18, 'Winny Weigh', 0, 'wweighh@stumbleupon.com', '60', '0902997392', 'rskylett6', '394428330', '1995-05-24', 1, 0);
insert into customer (id, name, gender, email, address, phone_number, username, id_card, day_of_birth, customer_type_id, is_delete) values (19, 'Valida Stollsteiner', 0, 'vstollsteineri@1688.com', '268', '0905392315', 'scoatene', '718482370', '2000-10-29', 1, 0);
insert into customer (id, name, gender, email, address, phone_number, username, id_card, day_of_birth, customer_type_id, is_delete) values (20, 'Elsworth Christoforou', 2, 'echristoforouj@webeden.co.uk', '05', '0902216030', 'vkunkel0', '359284400', '2001-10-14', 1, 0);
insert into customer (id, name, gender, email, address, phone_number, username, id_card, day_of_birth, customer_type_id, is_delete) values (21, 'Elna Freathy', 0, 'efreathyk@ehow.com', '6', '0908195242', 'wforthi', '147745186', '1982-04-20', 2, 0);
insert into customer (id, name, gender, email, address, phone_number, username, id_card, day_of_birth, customer_type_id, is_delete) values (22, 'Baillie Alabastar', 1, 'balabastarl@godaddy.com', '96', '0909431690', 'wkleinhausen2', '888399782', '1994-01-25', 3, 0);
insert into customer (id, name, gender, email, address, phone_number, username, id_card, day_of_birth, customer_type_id, is_delete) values (23, 'Saunder Timson', 0, 'stimsonm@oracle.com', '79856', '0904878157', 'zolliffb', '991125099', '1985-12-18', 3, 0);
insert into customer (id, name, gender, email, address, phone_number, username, id_card, day_of_birth, customer_type_id, is_delete) values (24, 'Roby Northwood', 1, 'rnorthwoodn@barnesandnoble.com', '3', '0903919091', 'customer', '555051304', '1995-01-04', 3, 0);
insert into customer (id, name, gender, email, address, phone_number, username, id_card, day_of_birth, customer_type_id, is_delete) values (25, 'Nelle Ortells', 1, 'nortellso@mac.com', '4', '0903495537', 'dcherrettr', '095956778', '2004-01-15', 3, 0);
insert into customer (id, name, gender, email, address, phone_number, username, id_card, day_of_birth, customer_type_id, is_delete) values (26, 'Minnnie Christofides', 2, 'mchristofidesp@usa.gov', '68469', '0908113141', 'pbisleys', '573485948', '1982-01-28', 3, 0);
insert into customer (id, name, gender, email, address, phone_number, username, id_card, day_of_birth, customer_type_id, is_delete) values (27, 'Starla Ringe', 2, 'sringeq@bizjournals.com', '09251', '0903917466', 'elockett', '697764799', '1988-08-06', 1, 0);
insert into customer (id, name, gender, email, address, phone_number, username, id_card, day_of_birth, customer_type_id, is_delete) values (28, 'Daffie Garrat', 2, 'dgarratr@businessweek.com', '428', '0907766438', 'addmin', '017454883', '1986-03-08', 3, 0);
insert into customer (id, name, gender, email, address, phone_number, username, id_card, day_of_birth, customer_type_id, is_delete) values (29, 'Bettine Paten', 2, 'bpatens@ed.gov', '7605', '0901660604', 'zolliffb', 'mclarson0', '1988-07-20', 2, 0);
insert into customer (id, name, gender, email, address, phone_number, username, id_card, day_of_birth, customer_type_id, is_delete) values (30, 'Gardner Couldwell', 2, 'gcouldwellt@reuters.com', '7', '0900383254', 'chancell1', '742660996', '2003-05-09', 1, 0);


-- add bottle_type
insert into bottle_type (id, name, is_delete) values (1, 'Bình giữ nhiệt', 0);
insert into bottle_type (id, name, is_delete) values (2, 'Ly giữ nhiệt', 0);

-- add material 
insert into material (id, name, is_delete) values (1, 'Nhựa', 0);
insert into material (id, name, is_delete) values (2, 'Inox', 0);

-- add promotion
insert into promotion (detail, end_time, start_time, image, name, is_delete, discount) values (' Tặng thêm nắp có quay xách', '2022-12-30', '2022-12-20', null, 'Giáng sinh an lành giảm giá cực sốc ', 0, '10');
insert into promotion (detail, end_time, start_time, image, name, is_delete, discount) values (' Tặng thêm nắp có quay xách', '2022-12-01', '2022-12-30', null, ' Săn sale cuối năm nhận nhiều phần quà', 0, '5');

-- add bottle
insert into bottle (id, name, color, image, is_delete, price, quantity, volume, description, bottle_type_id, material_id, promotion_id) values (1, 'Bình Giữ Nhiệt Zebra Thái Lan Cao Cấp', 'Xanh', 'https://p-vn.ipricegroup.com/e39b7e18d4494765af9072b27aa578ab84fa93c9_0.jpg', 0, 249000, 14, '1L', 'Hàng chính hãng', 2, 2,1);
insert into bottle (id, name, color, image, is_delete, price, quantity, volume, description, bottle_type_id, material_id, promotion_id) values (2, 'Bình giữ nhiệt Zebra Extreme', 'Đen', 'https://p-vn.ipricegroup.com/7873c13c29398a56980141dd784aac6d59b6c566_0.jpg', 0, 819000, 13, '1.5L', 'Hàng mới', 2, 2,2);
insert into bottle (id, name, color, image, is_delete, price, quantity, volume, description, bottle_type_id, material_id, promotion_id) values (3, 'Bình Giữ Nhiệt Rinfere', 'Đen', 'https://salt.tikicdn.com/cache/280x280/ts/product/f7/b6/38/89cb0a5b716d0da2e8628f2772de119d.jpg.webp', 0, 300060, 13, '1.5L', 'Hàng mới', 2, 2,2);
insert into bottle (id, name, color, image, is_delete, price, quantity, volume, description, bottle_type_id, material_id, promotion_id) values (4, 'Bình Giữ Nhiệt Bằng Thép Không Gỉ Lock&Lock Vacuum Bottle LHC6180SLV', 'Xanh', 'https://salt.tikicdn.com/cache/280x280/ts/product/f8/27/07/55464707852a0228aeb6ab4d49d1acbc.jpg.webp', 0, 711000, 15, '1.5L', 'Hàng chính hãng', 2, 1,1);
insert into bottle (id, name, color, image, is_delete, price, quantity, volume, description, bottle_type_id, material_id, promotion_id) values (5, 'Bình Giữ Nhiệt Lock&Lock Energetic One-Touch Tumbler LHC3249', 'Hồng', 'https://salt.tikicdn.com/cache/280x280/ts/product/4a/13/7f/d0117c27ee5e244785dd1f2a7df3ca48.jpg.webp', 0, 587000, 15, '1L', 'Hàng mới', 2, 2,1);
insert into bottle (id, name, color, image, is_delete, price, quantity, volume, description, bottle_type_id, material_id, promotion_id) values (6, 'Bình Giữ Nhiệt Lock&Lock Featherlight One-touch Tumbler LHC3257', 'Hồng', 'https://salt.tikicdn.com/cache/280x280/ts/product/1e/0b/a8/b939526b73b53eb7222437e9bd6a4370.jpg.webp', 0, 441000, 6, '1L', 'Hàng chính hãng', 2, 2,2);
insert into bottle (id, name, color, image, is_delete, price, quantity, volume, description, bottle_type_id, material_id, promotion_id) values (7, 'Bình Giữ Nhiệt Kim Cương 1500Ml Inox 304- YOGA QG- Chống Rỉ Set', 'Xanh', 'https://salt.tikicdn.com/cache/280x280/ts/product/ba/66/3f/563058a6a6a94203538498404737243d.jpg.webp', 0, 397000, 17, '0.5L', 'Hàng mới', 2, 1,1);
insert into bottle (id, name, color, image, is_delete, price, quantity, volume, description, bottle_type_id, material_id, promotion_id) values (8, 'Bình Giữ Nhiệt Bằng Thép Không Gỉ Lock&Lock Vacuum Bottle LHC6180SLV', 'Đen', 'https://salt.tikicdn.com/cache/280x280/ts/product/f8/27/07/55464707852a0228aeb6ab4d49d1acbc.jpg.webp', 0, 319000, 6, '1.5L', 'Hàng mới', 2, 1,1);
insert into bottle (id, name, color, image, is_delete, price, quantity, volume, description, bottle_type_id, material_id, promotion_id) values (9, 'Bình Giữ Nhiệt Kim Cương 1500Ml Inox 304- YOGA QG- Chống Rỉ Set', 'Đen', 'https://salt.tikicdn.com/cache/280x280/ts/product/ba/66/3f/563058a6a6a94203538498404737243d.jpg.webp', 0, 563000, 1, '1.5L', 'Hàng chính hãng', 1, 1,2);
insert into bottle (id, name, color, image, is_delete, price, quantity, volume, description, bottle_type_id, material_id, promotion_id) values (10, 'Bình Giữ Nhiệt Rinfere', 'Đen', 'https://salt.tikicdn.com/cache/280x280/ts/product/f7/b6/38/89cb0a5b716d0da2e8628f2772de119d.jpg.webp', 0, 347567, 5, '0.5L', 'Hàng chính hãng', 1, 1,1);
insert into bottle (id, name, color, image, is_delete, price, quantity, volume, description, bottle_type_id, material_id, promotion_id) values (11, 'Bình Giữ Nhiệt Lock&Lock Featherlight One-touch Tumbler LHC3257', 'Xanh', 'https://salt.tikicdn.com/cache/280x280/ts/product/1e/0b/a8/b939526b73b53eb7222437e9bd6a4370.jpg.webp', 0, 537000, 10, '1.5L', 'Hàng mới', 2, 1,2);
insert into bottle (id, name, color, image, is_delete, price, quantity, volume, description, bottle_type_id, material_id, promotion_id) values (12, 'Bình Giữ Nhiệt Lock&Lock Energetic One-Touch Tumbler LHC3249', 'Xanh', 'https://salt.tikicdn.com/cache/280x280/ts/product/4a/13/7f/d0117c27ee5e244785dd1f2a7df3ca48.jpg.webp', 0, 543000, 10, '0.5L', 'Hàng mới', 1, 2,1);
insert into bottle (id, name, color, image, is_delete, price, quantity, volume, description, bottle_type_id, material_id, promotion_id) values (13, 'Bình Giữ Nhiệt Rinfere', 'Xanh', 'https://salt.tikicdn.com/cache/280x280/ts/product/f7/b6/38/89cb0a5b716d0da2e8628f2772de119d.jpg.webp', 0, 204000, 8, '1.5L', 'Hàng mới', 1, 1,2);
insert into bottle (id, name, color, image, is_delete, price, quantity, volume, description, bottle_type_id, material_id, promotion_id) values (14, 'Bình giữ nhiệt Lock&Lock Maman Cup Vacuum Bottle', 'Hồng', 'https://salt.tikicdn.com/cache/280x280/media/catalog/producttmp/23/45/b5/7ee938f09de71826678bac8fdc16a86f.jpg.webp', 0, 831000, 17, '1.5L', 'Hàng mới', 1, 2,1);
insert into bottle (id, name, color, image, is_delete, price, quantity, volume, description, bottle_type_id, material_id, promotion_id) values (15, 'Bình Giữ Nhiệt Kim Cương 1500Ml Inox 304- YOGA QG- Chống Rỉ Set', 'Hồng', 'https://salt.tikicdn.com/cache/280x280/ts/product/ba/66/3f/563058a6a6a94203538498404737243d.jpg.webp', 0, 686000, 4, '0.5L', 'Hàng mới', 1, 2,1);
insert into bottle (id, name, color, image, is_delete, price, quantity, volume, description, bottle_type_id, material_id, promotion_id) values (16, 'Bình Giữ Nhiệt Lock&Lock Featherlight One-touch Tumbler LHC3257', 'Xanh', 'https://salt.tikicdn.com/cache/280x280/ts/product/1e/0b/a8/b939526b73b53eb7222437e9bd6a4370.jpg.webp', 0, 607000, 19, '1.5L', 'Hàng mới', 1, 2,2);
insert into bottle (id, name, color, image, is_delete, price, quantity, volume, description, bottle_type_id, material_id, promotion_id) values (17, 'Bình Giữ Nhiệt Rinfere', 'Hồng', 'https://salt.tikicdn.com/cache/280x280/ts/product/f7/b6/38/89cb0a5b716d0da2e8628f2772de119d.jpg.webp', 0, 697000, 1, '1.5L', 'Hàng mới', 1, 2,2);
insert into bottle (id, name, color, image, is_delete, price, quantity, volume, description, bottle_type_id, material_id, promotion_id) values (18, 'Bình Giữ Nhiệt Lock&Lock Energetic One-Touch Tumbler LHC3249', 'Xanh', 'https://salt.tikicdn.com/cache/280x280/ts/product/4a/13/7f/d0117c27ee5e244785dd1f2a7df3ca48.jpg.webp', 0, 151000, 4, '1.5L', 'Hàng chính hãng', 2, 2,1);
insert into bottle (id, name, color, image, is_delete, price, quantity, volume, description, bottle_type_id, material_id, promotion_id) values (19, 'Bình giữ nhiệt Lock&Lock Maman Cup Vacuum Bottle', 'Hồng', 'https://salt.tikicdn.com/cache/280x280/media/catalog/producttmp/23/45/b5/7ee938f09de71826678bac8fdc16a86f.jpg.webp', 0, 999000, 14, '1L', 'Hàng mới', 1, 1,1);
insert into bottle (id, name, color, image, is_delete, price, quantity, volume, description, bottle_type_id, material_id, promotion_id) values (20, 'Bình Giữ Nhiệt Rinfere', 'Hồng', 'https://salt.tikicdn.com/cache/280x280/ts/product/f7/b6/38/89cb0a5b716d0da2e8628f2772de119d.jpg.webp', 0, 177000, 6, '1.5L', 'Hàng mới', 2, 2,2);

-- insert into bottle ( name, color, image, is_delete, price, quantity, volume, description, bottle_type_id, material_id) values ( 'Bình Giữ Nhiệt Zebra Thái Lan Cao Cấp', 'Xanh', 'https://p-vn.ipricegroup.com/e39b7e18d4494765af9072b27aa578ab84fa93c9_0.jpg', 0, 259949, 14, '1L', 'Hàng chính hãng', 2, 2);
-- insert into bottle ( name, color, image, is_delete, price, quantity, volume, description, bottle_type_id, material_id) values ( 'Bình giữ nhiệt Zebra Extreme', 'Đen', 'https://p-vn.ipricegroup.com/7873c13c29398a56980141dd784aac6d59b6c566_0.jpg', 0, 813246, 13, '1.5L', 'Hàng mới', 2, 2);
-- insert into bottle ( name, color, image, is_delete, price, quantity, volume, description, bottle_type_id, material_id) values ( 'Bình Giữ Nhiệt Rinfere', 'Đen', 'https://salt.tikicdn.com/cache/280x280/ts/product/f7/b6/38/89cb0a5b716d0da2e8628f2772de119d.jpg.webp', 0, 300060, 13, '1.5L', 'Hàng mới', 2, 2);
-- insert into bottle ( name, color, image, is_delete, price, quantity, volume, description, bottle_type_id, material_id) values ( 'Bình Giữ Nhiệt Bằng Thép Không Gỉ Lock&Lock Vacuum Bottle LHC6180SLV', 'Xanh', 'https://salt.tikicdn.com/cache/280x280/ts/product/f8/27/07/55464707852a0228aeb6ab4d49d1acbc.jpg.webp', 0, 711001, 15, '1.5L', 'Hàng chính hãng', 2, 1);
-- insert into bottle ( name, color, image, is_delete, price, quantity, volume, description, bottle_type_id, material_id) values ( 'Bình Giữ Nhiệt Lock&Lock Energetic One-Touch Tumbler LHC3249', 'Hồng', 'https://salt.tikicdn.com/cache/280x280/ts/product/4a/13/7f/d0117c27ee5e244785dd1f2a7df3ca48.jpg.webp', 0, 587829, 15, '1L', 'Hàng mới', 2, 2);
-- insert into bottle ( name, color, image, is_delete, price, quantity, volume, description, bottle_type_id, material_id) values ( 'Bình Giữ Nhiệt Lock&Lock Featherlight One-touch Tumbler LHC3257', 'Hồng', 'https://salt.tikicdn.com/cache/280x280/ts/product/1e/0b/a8/b939526b73b53eb7222437e9bd6a4370.jpg.webp', 0, 441396, 6, '1L', 'Hàng chính hãng', 2, 2);
-- insert into bottle ( name, color, image, is_delete, price, quantity, volume, description, bottle_type_id, material_id) values ( 'Bình Giữ Nhiệt Kim Cương 1500Ml Inox 304- YOGA QG- Chống Rỉ Set', 'Xanh', 'https://salt.tikicdn.com/cache/280x280/ts/product/ba/66/3f/563058a6a6a94203538498404737243d.jpg.webp', 0, 397801, 17, '0.5L', 'Hàng mới', 2, 1);
-- insert into bottle ( name, color, image, is_delete, price, quantity, volume, description, bottle_type_id, material_id) values ( 'Bình Giữ Nhiệt Bằng Thép Không Gỉ Lock&Lock Vacuum Bottle LHC6180SLV', 'Đen', 'https://salt.tikicdn.com/cache/280x280/ts/product/f8/27/07/55464707852a0228aeb6ab4d49d1acbc.jpg.webp', 0, 319077, 6, '1.5L', 'Hàng mới', 2, 1);
-- insert into bottle ( name, color, image, is_delete, price, quantity, volume, description, bottle_type_id, material_id) values ( 'Bình Giữ Nhiệt Kim Cương 1500Ml Inox 304- YOGA QG- Chống Rỉ Set', 'Đen', 'https://salt.tikicdn.com/cache/280x280/ts/product/ba/66/3f/563058a6a6a94203538498404737243d.jpg.webp', 0, 563611, 1, '1.5L', 'Hàng chính hãng', 1, 1);
-- insert into bottle ( name, color, image, is_delete, price, quantity, volume, description, bottle_type_id, material_id) values ( 'Bình Giữ Nhiệt Rinfere', 'Đen', 'https://salt.tikicdn.com/cache/280x280/ts/product/f7/b6/38/89cb0a5b716d0da2e8628f2772de119d.jpg.webp', 0, 347567, 5, '0.5L', 'Hàng chính hãng', 1, 1);
-- insert into bottle ( name, color, image, is_delete, price, quantity, volume, description, bottle_type_id, material_id) values ( 'Bình Giữ Nhiệt Lock&Lock Featherlight One-touch Tumbler LHC3257', 'Xanh', 'https://salt.tikicdn.com/cache/280x280/ts/product/1e/0b/a8/b939526b73b53eb7222437e9bd6a4370.jpg.webp', 0, 537602, 10, '1.5L', 'Hàng mới', 2, 1);
-- insert into bottle ( name, color, image, is_delete, price, quantity, volume, description, bottle_type_id, material_id) values ( 'Bình Giữ Nhiệt Lock&Lock Energetic One-Touch Tumbler LHC3249', 'Xanh', 'https://salt.tikicdn.com/cache/280x280/ts/product/4a/13/7f/d0117c27ee5e244785dd1f2a7df3ca48.jpg.webp', 0, 543103, 10, '0.5L', 'Hàng mới', 1, 2);
-- insert into bottle ( name, color, image, is_delete, price, quantity, volume, description, bottle_type_id, material_id) values ( 'Bình Giữ Nhiệt Rinfere', 'Xanh', 'https://salt.tikicdn.com/cache/280x280/ts/product/f7/b6/38/89cb0a5b716d0da2e8628f2772de119d.jpg.webp', 0, 204760, 8, '1.5L', 'Hàng mới', 1, 1);
-- insert into bottle ( name, color, image, is_delete, price, quantity, volume, description, bottle_type_id, material_id) values ( 'Bình giữ nhiệt Lock&Lock Maman Cup Vacuum Bottle', 'Hồng', 'https://salt.tikicdn.com/cache/280x280/media/catalog/producttmp/23/45/b5/7ee938f09de71826678bac8fdc16a86f.jpg.webp', 0, 831645, 17, '1.5L', 'Hàng mới', 1, 2);
-- insert into bottle ( name, color, image, is_delete, price, quantity, volume, description, bottle_type_id, material_id) values ( 'Bình Giữ Nhiệt Kim Cương 1500Ml Inox 304- YOGA QG- Chống Rỉ Set', 'Hồng', 'https://salt.tikicdn.com/cache/280x280/ts/product/ba/66/3f/563058a6a6a94203538498404737243d.jpg.webp', 0, 686100, 4, '0.5L', 'Hàng mới', 1, 2);
-- insert into bottle ( name, color, image, is_delete, price, quantity, volume, description, bottle_type_id, material_id) values ( 'Bình Giữ Nhiệt Lock&Lock Featherlight One-touch Tumbler LHC3257', 'Xanh', 'https://salt.tikicdn.com/cache/280x280/ts/product/1e/0b/a8/b939526b73b53eb7222437e9bd6a4370.jpg.webp', 0, 607810, 19, '1.5L', 'Hàng mới', 1, 2);
-- insert into bottle ( name, color, image, is_delete, price, quantity, volume, description, bottle_type_id, material_id) values ( 'Bình Giữ Nhiệt Rinfere', 'Hồng', 'https://salt.tikicdn.com/cache/280x280/ts/product/f7/b6/38/89cb0a5b716d0da2e8628f2772de119d.jpg.webp', 0, 697666, 1, '1.5L', 'Hàng mới', 1, 2);
-- insert into bottle ( name, color, image, is_delete, price, quantity, volume, description, bottle_type_id, material_id) values ( 'Bình Giữ Nhiệt Lock&Lock Energetic One-Touch Tumbler LHC3249', 'Xanh', 'https://salt.tikicdn.com/cache/280x280/ts/product/4a/13/7f/d0117c27ee5e244785dd1f2a7df3ca48.jpg.webp', 0, 151248, 4, '1.5L', 'Hàng chính hãng', 2, 2);
-- insert into bottle ( name, color, image, is_delete, price, quantity, volume, description, bottle_type_id, material_id) values ( 'Bình giữ nhiệt Lock&Lock Maman Cup Vacuum Bottle', 'Hồng', 'https://salt.tikicdn.com/cache/280x280/media/catalog/producttmp/23/45/b5/7ee938f09de71826678bac8fdc16a86f.jpg.webp', 0, 972522, 14, '1L', 'Hàng mới', 1, 1);
-- insert into bottle ( name, color, image, is_delete, price, quantity, volume, description, bottle_type_id, material_id) values ( 'Bình Giữ Nhiệt Rinfere', 'Hồng', 'https://salt.tikicdn.com/cache/280x280/ts/product/f7/b6/38/89cb0a5b716d0da2e8628f2772de119d.jpg.webp', 0, 177942, 6, '1.5L', 'Hàng mới', 2, 2);

-- add order_detail
insert into cart (id, quantity, date_time, bottle_id, customer_id, is_delete, is_pay) values (1, 2, '2023-01-09', 13, 2, 0, 0);
insert into cart (id, quantity, date_time, bottle_id, customer_id, is_delete, is_pay) values (2, 2, '2023-01-16', 2, 2, 0, 0);
insert into cart (id, quantity, date_time, bottle_id, customer_id, is_delete, is_pay) values (3, 1, '2022-12-24', 17, 16, 0, 0);
insert into cart (id, quantity, date_time, bottle_id, customer_id, is_delete, is_pay) values (4, 2, '2022-12-21', 17, 24, 0, 0);
insert into cart (id, quantity, date_time, bottle_id, customer_id, is_delete, is_pay) values (5, 1, '2023-01-09', 15, 27, 0, 0);
insert into cart (id, quantity, date_time, bottle_id, customer_id, is_delete, is_pay) values (6, 2, '2023-01-01', 10, 26, 0, 0);
insert into cart (id, quantity, date_time, bottle_id, customer_id, is_delete, is_pay) values (7, 3, '2023-01-10', 19, 2, 0, 0);
insert into cart (id, quantity, date_time, bottle_id, customer_id, is_delete, is_pay) values (8, 1, '2022-12-29', 14, 26, 0, 0);
insert into cart (id, quantity, date_time, bottle_id, customer_id, is_delete, is_pay) values (9, 2, '2022-12-20', 3, 25, 0, 0);
insert into cart (id, quantity, date_time, bottle_id, customer_id, is_delete, is_pay) values (10, 2, '2023-01-06', 1, 11, 0, 0);
insert into cart (id, quantity, date_time, bottle_id, customer_id, is_delete, is_pay) values (11, 1, '2022-12-24', 20, 17, 0, 0);
insert into cart (id, quantity, date_time, bottle_id, customer_id, is_delete, is_pay) values (13, 1, '2023-01-14', 5, 7, 0, 0);
insert into cart (id, quantity, date_time, bottle_id, customer_id, is_delete, is_pay) values (14, 2, '2023-01-04', 5, 4, 0, 0);
insert into cart (id, quantity, date_time, bottle_id, customer_id, is_delete, is_pay) values (15, 1, '2023-01-14', 14, 2, 0, 0);
insert into cart (id, quantity, date_time, bottle_id, customer_id, is_delete, is_pay) values (16, 2, '2023-01-09', 11, 27, 0, 0);
insert into cart (id, quantity, date_time, bottle_id, customer_id, is_delete, is_pay) values (17, 3, '2022-12-10', 17, 24, 0, 0);
insert into cart (id, quantity, date_time, bottle_id, customer_id, is_delete, is_pay) values (18, 3, '2023-01-02', 6, 2, 0, 0);
insert into cart (id, quantity, date_time, bottle_id, customer_id, is_delete, is_pay) values (19, 1, '2022-12-13', 4, 24, 0, 0);
insert into cart (id, quantity, date_time, bottle_id, customer_id, is_delete, is_pay) values (20, 2, '2022-12-23', 9, 24, 0, 0);





